File,Technology,Keyword,Count
/build.sbt,SBT,apache,2
/build.sbt,SBT,spark,4
/build.sbt,SBT,scala,4
/project/metals.sbt,SBT,scala,1
/project/project/metals.sbt,SBT,scala,1
/src/test/scala/com/mobilize/spark/test.scala,Scala,class,1
/src/main/scala/com/mobilize/spark/Credentials.scala,Scala,object,1
/src/main/scala/com/mobilize/spark/Main.scala,Scala,def,3
/src/main/scala/com/mobilize/spark/Main.scala,Scala,class,2
/src/main/scala/com/mobilize/spark/Main.scala,Scala,object,5
/src/main/scala/com/mobilize/spark/Main.scala,Scala,main,1
/src/main/scala/com/mobilize/spark/Main.scala,Scala,sql,3
/src/main/scala/com/mobilize/spark/Main.scala,Scala,sum,2
/src/main/scala/com/mobilize/spark/Main.scala,Scala,show,4
/src/main/scala/com/mobilize/spark/Main.scala,Scala,join,2
/src/main/scala/com/mobilize/spark/SessionDriver.scala,Scala,object,1
/src/main/scala/com/mobilize/spark/SessionDriver.scala,Scala,SparkSession,2
/src/main/scala/com/mobilize/spark/SessionDriver.scala,Scala,sql,1
